format,loudness,prefetch,backend,iteration,totalMs,firstFillMs,peakPssKb,pssDeltaKb,completed
signal.flac,false,false,PLATFORM,0,1432.941927,93.721354,41833,1826,true
signal.flac,false,false,NATIVE,0,157.998437,1.1731250000000024,41675,120,true
signal.flac,false,false,NATIVE,1,137.655625,0.7143749999999962,41687,8,true
signal.flac,false,false,PLATFORM,1,2307.568853,105.284635,46562,4867,true
signal.flac,false,false,PLATFORM,2,1962.713853,121.527396,49883,3615,true
signal.flac,false,false,NATIVE,2,168.862239,1.450781,46713,36,true
signal.flac,false,false,NATIVE,3,160.558386,2.078855000000021,46761,44,true
signal.flac,false,false,PLATFORM,3,1441.946562,113.075833,47907,1138,true
signal.flac,false,false,PLATFORM,4,1340.4375,70.737708,48301,668,true
signal.flac,false,false,NATIVE,4,171.50948,2.245260000000007,32832,4,true
signal.flac,false,true,PLATFORM,0,1109.112917,37.625677,38064,4266,true
signal.flac,false,true,NATIVE,0,179.624531,6.703489999999992,36093,89,true
signal.flac,false,true,NATIVE,1,154.978542,0.6382800000000042,36097,4,true
signal.flac,false,true,PLATFORM,1,1728.912499,55.150937,39037,3126,true
signal.flac,false,true,PLATFORM,2,1575.191875,61.657292,41568,3000,true
signal.flac,false,true,NATIVE,2,188.172812,3.759531000000006,41068,4,true
signal.flac,false,true,NATIVE,3,170.514115,3.6228140000000004,41108,36,true
signal.flac,false,true,PLATFORM,3,1592.48427,50.796041,43999,3081,true
signal.flac,false,true,PLATFORM,4,1456.146458,59.520417,46288,2795,true
signal.flac,false,true,NATIVE,4,172.952917,3.751458000000007,45704,0,true
signal.flac,true,false,PLATFORM,0,2064.869895,52.699948,47484,42,true
signal.flac,true,false,NATIVE,0,275.260209,9.530207999999948,46778,4,true
signal.flac,true,false,NATIVE,1,252.004583,6.310154999999998,46786,6,true
signal.flac,true,false,PLATFORM,1,1250.300312,57.171614,46998,143,true
signal.flac,true,false,PLATFORM,2,2121.458176,79.494531,48363,1624,true
signal.flac,true,false,NATIVE,2,244.347396,8.062395999999996,48090,11,true
signal.flac,true,false,NATIVE,3,275.294166,10.311874000000001,48098,8,true
signal.flac,true,false,PLATFORM,3,1314.731301,75.100729,51196,3098,true
signal.flac,true,false,PLATFORM,4,1353.768228,63.390156,51256,338,true
signal.flac,true,false,NATIVE,4,262.600573,11.225730000000032,52541,1587,true
signal.flac,true,true,PLATFORM,0,1858.331041,85.374427,54338,1239,true
signal.flac,true,true,NATIVE,0,226.873855,6.4702610000000185,53893,80,true
signal.flac,true,true,NATIVE,1,271.094322,5.432290999999991,53905,4,true
signal.flac,true,true,PLATFORM,1,1886.355364,55.617343,56386,2447,true
signal.flac,true,true,PLATFORM,2,1552.150155,39.306614,36742,1910,true
signal.flac,true,true,NATIVE,2,277.711979,8.244427000000009,39057,0,true
signal.flac,true,true,NATIVE,3,263.750469,4.910781999999972,36369,48,true
signal.flac,true,true,PLATFORM,3,2639.054113,81.506823,39021,2843,true
signal.flac,true,true,PLATFORM,4,2122.00276,78.241719,40303,2425,true
signal.flac,true,true,NATIVE,4,311.895938,7.438490000000007,40021,3,true
signal.mp3,false,false,PLATFORM,0,8497.898486,93.874583,49040,5143,true
signal.mp3,false,false,NATIVE,0,143.262239,1.3106760000000253,48364,36,true
signal.mp3,false,false,NATIVE,1,201.204896,6.3766660000000135,48364,0,true
signal.mp3,false,false,PLATFORM,1,9781.849475,98.114947,52928,4564,true
signal.mp3,false,false,PLATFORM,2,6654.510831,48.035781,56364,4136,true
signal.mp3,false,false,NATIVE,2,167.650469,5.184062,55672,4,true
signal.mp3,false,false,NATIVE,3,113.972552,0.4884899999999994,55672,0,true
signal.mp3,false,false,PLATFORM,3,6195.709425,51.880157,58016,2344,true
signal.mp3,false,false,PLATFORM,4,6960.985362,53.021094,39803,4619,true
signal.mp3,false,false,NATIVE,4,166.836302,2.7357810000000033,39095,0,true
signal.mp3,false,true,PLATFORM,0,5415.455154,78.430625,55043,12140,true
signal.mp3,false,true,NATIVE,0,182.529739,7.116301,53611,0,true
signal.mp3,false,true,NATIVE,1,194.540469,6.648384999999996,53711,72,true
signal.mp3,false,true,PLATFORM,1,5612.180519,58.062813,63503,11012,true
signal.mp3,false,true,PLATFORM,2,6932.436247,70.898437,44799,9320,true
signal.mp3,false,true,NATIVE,2,211.489948,5.080990000000011,43295,0,true
signal.mp3,false,true,NATIVE,3,188.284167,3.8526049999999987,43303,0,true
signal.mp3,false,true,PLATFORM,3,6343.573331,56.325781,52983,10900,true
signal.mp3,false,true,PLATFORM,4,6562.013955,88.066458,60505,8898,true
signal.mp3,false,true,NATIVE,4,150.259479,2.0228650000000155,59777,0,true
signal.mp3,true,false,PLATFORM,0,6590.163487,31.473958,42973,4172,true
signal.mp3,true,false,NATIVE,0,249.639531,9.912760999999989,42241,4,true
signal.mp3,true,false,NATIVE,1,192.016927,1.302240000000017,42241,0,true
signal.mp3,true,false,PLATFORM,1,12817.807912,58.525625,47061,4820,true
signal.mp3,true,false,PLATFORM,2,6810.485102,104.116823,51197,4836,true
signal.mp3,true,false,NATIVE,2,239.802344,9.616510000000009,50497,0,true
signal.mp3,true,false,NATIVE,3,197.877344,0.7889070000000066,50497,0,true
signal.mp3,true,false,PLATFORM,3,9607.239527,66.363958,53249,2752,true
signal.mp3,true,false,PLATFORM,4,10741.263173,102.963854,57429,4888,true
signal.mp3,true,false,NATIVE,4,257.82224,10.945729000000004,56745,4,true
signal.mp3,true,true,PLATFORM,0,5935.254894,73.115104,46409,10124,true
signal.mp3,true,true,NATIVE,0,252.619011,14.298072999999993,44981,0,true
signal.mp3,true,true,NATIVE,1,196.258593,1.7984889999999825,44981,0,true
signal.mp3,true,true,PLATFORM,1,5768.6363,38.989167,54321,9904,true
signal.mp3,true,true,PLATFORM,2,7252.477029,84.186302,86279,33290,true
signal.mp3,true,true,NATIVE,2,282.396198,1.6143230000000441,36557,8,true
signal.mp3,true,true,NATIVE,3,207.272135,1.0183850000000145,36573,8,true
signal.mp3,true,true,PLATFORM,3,5643.014425,45.995521,47137,10504,true
signal.mp3,true,true,PLATFORM,4,9640.23411,62.408124,52937,7181,true
signal.mp3,true,true,NATIVE,4,278.206198,8.967292000000018,52181,8,true
signal.wav,false,false,PLATFORM,0,1939.60875,48.3675,52978,611,true
signal.wav,false,false,NATIVE,0,101.328802,1.6264050000000008,52757,8,true
signal.wav,false,false,NATIVE,1,34.055052,0.2765629999999966,52765,4,true
signal.wav,false,false,PLATFORM,1,2760.777812,34.769323,53403,638,true
signal.wav,false,false,PLATFORM,2,997.523906,37.365833,53899,720,true
signal.wav,false,false,NATIVE,2,40.159115,1.148437999999995,53542,0,true
signal.wav,false,false,NATIVE,3,45.827656,0.3300520000000026,53529,0,true
signal.wav,false,false,PLATFORM,3,1321.516302,51.442344,54197,660,true
signal.wav,false,false,PLATFORM,4,967.23927,28.232448,54678,716,true
signal.wav,false,false,NATIVE,4,39.177031,0.47703099999999965,54437,4,true
signal.wav,false,true,PLATFORM,0,1106.473593,35.643854,56428,1846,true
signal.wav,false,true,NATIVE,0,40.234219,0.4034370000000042,56014,9,true
signal.wav,false,true,NATIVE,1,60.940885,0.9512499999999994,56022,4,true
signal.wav,false,true,PLATFORM,1,1091.281405,46.092552,56832,786,true
signal.wav,false,true,PLATFORM,2,1074.285937,42.379583,35758,1675,true
signal.wav,false,true,NATIVE,2,54.882448,0.7286470000000012,35301,0,true
signal.wav,false,true,NATIVE,3,48.629479,0.3155210000000003,35246,4,true
signal.wav,false,true,PLATFORM,3,1214.989218,51.676146,36967,1700,true
signal.wav,false,true,PLATFORM,4,1529.389791,48.148125,37026,612,true
signal.wav,false,true,NATIVE,4,45.899635,0.3115100000000038,32936,5,true
signal.wav,true,false,PLATFORM,0,1405.614687,38.487187,33949,612,true
signal.wav,true,false,NATIVE,0,143.741146,7.088541999999997,33705,0,true
signal.wav,true,false,NATIVE,1,110.163177,0.7547389999999985,33706,4,true
signal.wav,true,false,PLATFORM,1,1537.797447,39.579583,34483,781,true
signal.wav,true,false,PLATFORM,2,1223.900937,48.400104,36993,2770,true
signal.wav,true,false,NATIVE,2,163.778593,4.478852999999983,36769,8,true
signal.wav,true,false,NATIVE,3,124.028021,0.7991669999999871,36777,4,true
signal.wav,true,false,PLATFORM,3,2313.186197,66.23677,37097,320,true
signal.wav,true,false,PLATFORM,4,1928.724843,73.074063,37145,285,true
signal.wav,true,false,NATIVE,4,123.01901,0.7870829999999911,36908,0,true
signal.wav,true,true,PLATFORM,0,1012.243698,43.621719,39787,831,true
signal.wav,true,true,NATIVE,0,151.10901,0.9437489999999904,39298,0,true
signal.wav,true,true,NATIVE,1,141.86625,6.131198000000003,39306,4,true
signal.wav,true,true,PLATFORM,1,964.839167,31.528855,42011,2664,true
signal.wav,true,true,PLATFORM,2,1094.88328,31.808072,42065,645,true
signal.wav,true,true,NATIVE,2,153.44875,5.810417000000022,41586,0,true
signal.wav,true,true,NATIVE,3,148.715938,7.703489999999985,41586,0,true
signal.wav,true,true,PLATFORM,3,955.749895,33.772031,44365,2692,true
signal.wav,true,true,PLATFORM,4,1067.478646,53.540729,46563,2729,true
signal.wav,true,true,NATIVE,4,137.957187,1.6251040000000037,46080,0,true
